sensor,individual_accuracy,accuracy_without,drop_when_removed
0,0.6809720785935884,0.8412616339193382,0.008273009307135482
1,0.5863495346432265,0.8422957600827301,0.007238883143743546
2,0.6530506721820062,0.8397104446742503,0.009824198552223384
3,0.7021716649431231,0.8536711478800414,-0.004136504653567741
4,0.6659772492244054,0.8453981385729059,0.004136504653567741
5,0.6282316442605997,0.8541882109617374,-0.004653567735263708
6,0.6706308169596691,0.8459152016546019,0.003619441571871773
7,0.6773526370217167,0.8479834539813857,0.0015511892450879028
